{"cameraMode":{"drawMode":0,"name":"Shaded","section":"Shading Mode"},"sceneLighting":true,"audioPlay":false,"sceneViewState":{"showFog":true,"showMaterialUpdate":false,"showSkybox":true,"showFlares":true,"showImageEffects":true,"showParticleSystems":true},"in2DMode":false,"pivot":{"x":4.2830071449279789,"y":2.9059088230133058,"z":-3.329167366027832},"rotation":{"x":-0.00801937934011221,"y":0.9915927648544312,"z":-0.07631400227546692,"w":-0.10419987142086029},"size":19.28111457824707,"orthographic":false}