{"cameraMode":{"drawMode":0,"name":"Shaded","section":"Shading Mode"},"sceneLighting":true,"audioPlay":false,"sceneViewState":{"showFog":true,"showMaterialUpdate":false,"showSkybox":true,"showFlares":true,"showImageEffects":true,"showParticleSystems":true},"in2DMode":false,"pivot":{"x":49.405303955078128,"y":249.6239013671875,"z":14.449356079101563},"rotation":{"x":-0.008332297205924988,"y":0.9916332364082336,"z":-0.08679978549480438,"w":-0.09518947452306748},"size":1475.0333251953125,"orthographic":false}