{"cameraMode":{"drawMode":0,"name":"Shaded","section":"Shading Mode"},"sceneLighting":true,"audioPlay":false,"sceneViewState":{"showFog":true,"showMaterialUpdate":false,"showSkybox":true,"showFlares":true,"showImageEffects":true,"showParticleSystems":true},"in2DMode":false,"pivot":{"x":783.3203125,"y":-233.68124389648438,"z":237.69308471679688},"rotation":{"x":-0.06876663863658905,"y":-0.07176663726568222,"z":-0.0049597714096307758,"w":0.9950358271598816},"size":2020.495849609375,"orthographic":false}